Request Number,Service Type
EGP2212,Advertising
EGP2213,Advertising
EGP2214,Financial
EGP2215,Financial
EGP2216,Advertising
EGP2217,Advertising
EGP2218,Financial
EGP2219,Advertising
EGP2220,Financial
EGP2221,Advertising
EGP2222,Advertising
EGP2223,Advertising
EGP2224,Financial
EGP2225,Financial
EGP2226,Financial
EGP2227,Financial
EGP2228,Advertising
EGP2229,Financial
EGP2230,Advertising
EGP2231,Advertising
EGP2232,Advertising
EGP2233,Financial
EGP2234,Financial
EGP2235,Financial
EGP2236,Financial
EGP2237,Financial
EGP2238,Financial
EGP2239,Advertising
EGP2240,Advertising
EGP2241,Financial
EGP2242,Financial
EGP2243,Financial
EGP2244,Advertising
EGP2245,Financial
EGP2246,Financial
EGP2247,Advertising
EGP2248,Advertising
EGP2249,Advertising
EGP2250,Financial
EGP2251,Advertising
EGP2252,Advertising
EGP2253,Financial
EGP2254,Advertising
EGP2255,Advertising
EGP2256,Advertising
EGP2257,Financial
EGP2258,Financial
EGP2259,Financial
EGP2260,Financial
EGP2261,Financial
EGP2262,Advertising
EGP2263,Financial
EGP2264,Advertising
EGP2265,Financial
EGP2266,Advertising
EGP2267,Advertising
EGP2268,Advertising
EGP2269,Financial
EGP2270,Advertising
EGP2271,Financial
EGP2272,Advertising
EGP2273,Advertising
EGP2274,Advertising
EGP2275,Advertising
EGP2276,Financial
EGP2277,Financial
EGP2278,Financial
EGP2279,Advertising
EGP2280,Financial
EGP2281,Advertising
EGP2282,Financial
EGP2283,Financial
EGP2284,Financial
EGP2285,Advertising
EGP2286,Advertising
EGP2287,Advertising
EGP2288,Financial
EGP2289,Advertising
EGP2290,Financial
EGP2291,Advertising
EGP2292,Financial
EGP2293,Financial
EGP2294,Financial
EGP2295,Financial
EGP2296,Financial
EGP2297,Financial
EGP2298,Advertising
EGP2299,Financial
EGP2300,Advertising
EGP2301,Advertising
EGP2302,Advertising
EGP2303,Financial
EGP2304,Financial
EGP2305,Advertising
EGP2306,Financial
EGP2307,Financial
EGP2308,Advertising
EGP2309,Financial
EGP2310,Financial
EGP2311,Financial
EGP2312,Financial
EGP2313,Advertising
EGP2314,Advertising
EGP2315,Financial
EGP2316,Financial
EGP2317,Financial
EGP2318,Financial
EGP2319,Advertising
EGP2320,Advertising
EGP2321,Financial
EGP2322,Advertising
EGP2323,Financial
EGP2324,Financial
EGP2325,Financial
EGP2326,Financial
EGP2327,Financial
EGP2328,Financial
EGP2329,Financial
EGP2330,Advertising
EGP2331,Advertising
EGP2332,Financial
EGP2333,Advertising
EGP2334,Advertising
EGP2335,Financial
EGP2336,Advertising
EGP2337,Advertising
EGP2338,Financial
EGP2339,Financial
EGP2340,Financial
EGP2341,Financial
EGP2342,Financial
EGP2343,Advertising
EGP2344,Financial
EGP2345,Financial
EGP2346,Advertising
EGP2347,Financial
EGP2348,Financial
EGP2349,Financial
EGP2350,Advertising
EGP2351,Advertising
EGP2352,Advertising
EGP2353,Advertising
EGP2354,Financial
EGP2355,Financial
EGP2356,Financial
EGP2357,Advertising
EGP2358,Financial
EGP2359,Advertising
EGP2360,Financial
EGP2361,Financial
EGP2362,Financial
EGP2363,Advertising
EGP2364,Advertising
EGP2365,Financial
EGP2366,Financial
EGP2367,Financial
EGP2368,Advertising
EGP2369,Advertising
EGP2370,Financial
EGP2371,Advertising
EGP2372,Financial
EGP2373,Financial
EGP2374,Advertising
EGP2375,Advertising
EGP2376,Advertising
EGP2377,Financial
EGP2378,Financial
EGP2379,Advertising
EGP2380,Advertising
EGP2381,Advertising
EGP2382,Advertising
EGP2383,Financial
EGP2384,Advertising
EGP2385,Advertising
EGP2386,Financial
EGP2387,Advertising
EGP2388,Financial
EGP2389,Financial
EGP2390,Advertising
EGP2391,Advertising
EGP2392,Financial
EGP2393,Advertising
EGP2394,Financial
EGP2395,Advertising
EGP2396,Financial
EGP2397,Advertising
EGP2398,Financial
EGP2399,Financial
EGP2400,Financial
EGP2401,Advertising
EGP2402,Financial
EGP2403,Financial
EGP2404,Financial
EGP2405,Advertising
EGP2406,Financial
EGP2407,Advertising
EGP2408,Advertising
EGP2409,Financial
EGP2410,Financial
EGP2411,Financial
EGP2412,Advertising
EGP2413,Advertising
EGP2414,Financial
EGP2415,Financial
EGP2416,Financial
EGP2417,Advertising
EGP2418,Financial
EGP2419,Advertising
EGP2420,Advertising
EGP2421,Financial
EGP2422,Financial
EGP2423,Advertising
EGP2424,Financial
EGP2425,Financial
EGP2426,Advertising
EGP2427,Financial
EGP2428,Financial
EGP2429,Advertising
EGP2430,Advertising
EGP2431,Financial
EGP2432,Advertising
EGP2433,Financial
EGP2434,Advertising
EGP2435,Advertising
EGP2436,Advertising
EGP2437,Financial
EGP2438,Financial
EGP2439,Financial
EGP2440,Financial
EGP2441,Financial
EGP2442,Advertising
EGP2443,Financial
EGP2444,Advertising
EGP2445,Financial
EGP2446,Advertising
EGP2447,Advertising
EGP2448,Financial
EGP2449,Advertising
EGP2450,Advertising
EGP2451,Financial
EGP2452,Financial
EGP2453,Advertising
EGP2454,Advertising
EGP2455,Financial
EGP2456,Financial
EGP2457,Financial
EGP2458,Advertising
EGP2459,Financial
EGP2460,Financial
EGP2461,Advertising
EGP2462,Advertising
EGP2463,Advertising
EGP2464,Financial
EGP2465,Advertising
EGP2466,Advertising
EGP2467,Advertising
EGP2468,Financial
EGP2469,Financial
EGP2470,Advertising
EGP2471,Financial
EGP2472,Advertising
EGP2473,Advertising
EGP2474,Advertising
EGP2475,Advertising
EGP2476,Advertising
EGP2477,Advertising
EGP2478,Advertising
EGP2479,Financial
EGP2480,Financial
EGP2481,Advertising
EGP2482,Advertising
EGP2483,Advertising
EGP2484,Financial
EGP2485,Advertising
EGP2486,Advertising
EGP2487,Financial
EGP2488,Financial
EGP2489,Financial
EGP2490,Advertising
EGP2491,Advertising
EGP2492,Advertising
EGP2493,Financial
EGP2494,Financial
EGP2495,Financial
EGP2496,Financial
EGP2497,Financial
EGP2498,Financial
EGP2499,Financial
EGP2500,Advertising
EGP2501,Advertising
EGP2502,Advertising
EGP2503,Advertising
EGP2504,Advertising
EGP2505,Financial
EGP2506,Advertising
EGP2507,Advertising
EGP2508,Financial
EGP2509,Financial
EGP2510,Financial
EGP2511,Advertising
EGP2512,Financial
EGP2513,Advertising
EGP2514,Financial
EGP2515,Advertising
EGP2516,Financial
EGP2517,Advertising
EGP2518,Financial
EGP2519,Advertising
EGP2520,Financial
EGP2521,Financial
EGP2522,Advertising
EGP2523,Financial
EGP2524,Advertising
EGP2525,Financial
EGP2526,Financial
EGP2527,Advertising
EGP2528,Financial
EGP2529,Advertising
EGP2530,Financial
EGP2531,Financial
EGP2532,Financial
EGP2533,Advertising
EGP2534,Financial
EGP2535,Advertising
EGP2536,Advertising
EGP2537,Financial
EGP2538,Financial
EGP2539,Advertising
EGP2540,Financial
EGP2541,Financial
EGP2542,Financial
EGP2543,Advertising
EGP2544,Advertising
EGP2545,Financial
EGP2546,Advertising
EGP2547,Financial
EGP2548,Advertising
EGP2549,Advertising
EGP2550,Advertising
EGP2551,Financial
EGP2552,Advertising
EGP2553,Advertising
EGP2554,Financial
EGP2555,Advertising
EGP2556,Advertising
EGP2557,Advertising
EGP2558,Advertising
EGP2559,Financial
EGP2560,Advertising
EGP2561,Financial
EGP2562,Advertising
EGP2563,Advertising
EGP2564,Financial
EGP2565,Financial
EGP2566,Financial
EGP2567,Financial
EGP2568,Advertising
EGP2569,Financial
EGP2570,Advertising
EGP2571,Financial
EGP2572,Advertising
EGP2573,Financial
EGP2574,Financial
EGP2575,Advertising
EGP2576,Advertising
EGP2577,Advertising
EGP2578,Advertising
EGP2579,Advertising
EGP2580,Advertising
EGP2581,Advertising
EGP2582,Financial
EGP2583,Advertising
EGP2584,Advertising
EGP2585,Advertising
EGP2586,Advertising
EGP2587,Financial
EGP2588,Advertising
EGP2589,Advertising
EGP2590,Advertising
EGP2591,Advertising
EGP2592,Financial
EGP2593,Financial
EGP2594,Financial
EGP2595,Advertising
EGP2596,Financial
EGP2597,Advertising
EGP2598,Advertising
EGP2599,Advertising
EGP2600,Advertising
EGP2601,Financial
EGP2602,Advertising
EGP2603,Advertising
EGP2604,Financial
EGP2605,Financial
EGP2606,Advertising
EGP2607,Financial
EGP2608,Financial
EGP2609,Financial
EGP2610,Financial
EGP2611,Advertising
EGP2612,Financial
EGP2613,Advertising
EGP2614,Financial
EGP2615,Advertising
EGP2616,Advertising
EGP2617,Advertising
EGP2618,Advertising
EGP2619,Financial
EGP2620,Financial
EGP2621,Advertising
EGP2622,Financial
EGP2623,Financial
EGP2624,Advertising
EGP2625,Advertising
EGP2626,Financial
EGP2627,Advertising
EGP2628,Financial
EGP2629,Advertising
EGP2630,Advertising
EGP2631,Advertising
EGP2632,Financial
EGP2633,Financial
EGP2634,Advertising
EGP2635,Advertising
EGP2636,Advertising
EGP2637,Advertising
EGP2638,Financial
EGP2639,Advertising
EGP2640,Financial
EGP2641,Financial
EGP2642,Financial
EGP2643,Financial
EGP2644,Advertising
EGP2645,Advertising
EGP2646,Advertising
EGP2647,Advertising
EGP2648,Advertising
EGP2649,Financial
EGP2650,Advertising
EGP2651,Financial
EGP2652,Advertising
EGP2653,Financial
EGP2654,Financial
EGP2655,Advertising
EGP2656,Advertising
EGP2657,Advertising
EGP2658,Advertising
EGP2659,Financial
EGP2660,Financial
EGP2661,Advertising
EGP2662,Financial
EGP2663,Advertising
EGP2664,Advertising
EGP2665,Advertising
EGP2666,Financial
EGP2667,Advertising
EGP2668,Advertising
EGP2669,Financial
EGP2670,Financial
EGP2671,Advertising
EGP2672,Advertising
EGP2673,Financial
EGP2674,Advertising
EGP2675,Advertising
EGP2676,Advertising
EGP2677,Financial
EGP2678,Advertising
EGP2679,Financial
EGP2680,Advertising
EGP2681,Financial
EGP2682,Financial
EGP2683,Financial
EGP2684,Financial
EGP2685,Advertising
EGP2686,Advertising
EGP2687,Financial
EGP2688,Financial
EGP2689,Financial
EGP2690,Financial
EGP2691,Financial
EGP2692,Advertising
EGP2693,Advertising
EGP2694,Advertising
EGP2695,Financial
EGP2696,Financial
EGP2697,Advertising
EGP2698,Advertising
EGP2699,Advertising
EGP2700,Advertising
EGP2701,Financial
EGP2702,Financial
EGP2703,Advertising
EGP2704,Financial
EGP2705,Financial
EGP2706,Advertising
EGP2707,Advertising
EGP2708,Advertising
EGP2709,Advertising
EGP2710,Advertising
EGP2711,Advertising
EGP2712,Advertising
EGP2713,Advertising
EGP2714,Advertising
EGP2715,Advertising
EGP2716,Financial
EGP2717,Financial
EGP2718,Financial
EGP2719,Advertising
EGP2720,Advertising
EGP2721,Advertising
EGP2722,Advertising
EGP2723,Advertising
EGP2724,Financial
EGP2725,Financial
EGP2726,Advertising
EGP2727,Financial
EGP2728,Advertising
EGP2729,Advertising
EGP2730,Financial
EGP2731,Financial
EGP2732,Financial
EGP2733,Financial
EGP2734,Financial
EGP2735,Advertising
EGP2736,Advertising
EGP2737,Advertising
EGP2738,Financial
EGP2739,Advertising
EGP2740,Financial
EGP2741,Financial
EGP2742,Financial
EGP2743,Financial
EGP2744,Advertising
EGP2745,Financial
EGP2746,Advertising
EGP2747,Advertising
EGP2748,Advertising
EGP2749,Financial
EGP2750,Financial
EGP2751,Financial
EGP2752,Advertising
EGP2753,Financial
EGP2754,Financial
EGP2755,Financial
EGP2756,Advertising
EGP2757,Financial
EGP2758,Financial
EGP2759,Financial
EGP2760,Financial
EGP2761,Financial
EGP2762,Financial
EGP2763,Financial
EGP2764,Financial
EGP2765,Financial
EGP2766,Advertising
EGP2767,Financial
EGP2768,Financial
EGP2769,Financial
EGP2770,Advertising
EGP2771,Advertising
EGP2772,Financial
EGP2773,Advertising
EGP2774,Financial
EGP2775,Financial
EGP2776,Advertising
EGP2777,Advertising
EGP2778,Advertising
EGP2779,Advertising
EGP2780,Financial
EGP2781,Financial
EGP2782,Advertising
EGP2783,Advertising
EGP2784,Financial
EGP2785,Financial
EGP2786,Financial
EGP2787,Advertising
EGP2788,Advertising
EGP2789,Advertising
EGP2790,Financial
EGP2791,Financial
EGP2792,Financial
EGP2793,Advertising
EGP2794,Financial
EGP2795,Financial
EGP2796,Advertising
EGP2797,Financial
EGP2798,Financial
EGP2799,Financial
EGP2800,Financial
EGP2801,Financial
EGP2802,Financial
EGP2803,Advertising
EGP2804,Financial
EGP2805,Advertising
EGP2806,Advertising
EGP2807,Financial
EGP2808,Advertising
EGP2809,Financial
EGP2810,Financial
EGP2811,Financial
EGP2812,Advertising
EGP2813,Financial
EGP2814,Financial
EGP2815,Financial
EGP2816,Financial
EGP2817,Financial
EGP2818,Advertising
EGP2819,Financial
EGP2820,Advertising
EGP2821,Financial
EGP2822,Advertising
EGP2823,Financial
EGP2824,Financial
EGP2825,Financial
EGP2826,Financial
EGP2827,Financial
EGP2828,Financial
EGP2829,Advertising
EGP2830,Financial
EGP2831,Advertising
EGP2832,Advertising
EGP2833,Financial
EGP2834,Advertising
EGP2835,Advertising
EGP2836,Financial
EGP2837,Advertising
EGP2838,Financial
EGP2839,Financial
EGP2840,Advertising
EGP2841,Advertising
EGP2842,Financial
EGP2843,Advertising
EGP2844,Financial
EGP2845,Advertising
EGP2846,Advertising
EGP2847,Advertising
EGP2848,Financial
EGP2849,Financial
EGP2850,Financial
EGP2851,Advertising
EGP2852,Financial
EGP2853,Financial
EGP2854,Financial
EGP2855,Advertising
EGP2856,Advertising
EGP2857,Financial
EGP2858,Advertising
EGP2859,Advertising
EGP2860,Advertising
EGP2861,Financial
EGP2862,Advertising
EGP2863,Advertising
EGP2864,Advertising
EGP2865,Advertising
EGP2866,Financial
EGP2867,Advertising
EGP2868,Financial
EGP2869,Financial
EGP2870,Financial
EGP2871,Advertising
EGP2872,Advertising
EGP2873,Financial
EGP2874,Advertising
EGP2875,Financial
EGP2876,Financial
EGP2877,Financial
EGP2878,Advertising
EGP2879,Financial
EGP2880,Financial
EGP2881,Financial
EGP2882,Advertising
EGP2883,Financial
EGP2884,Financial
EGP2885,Advertising
EGP2886,Advertising
EGP2887,Advertising
EGP2888,Financial
EGP2889,Advertising
EGP2890,Financial
EGP2891,Financial
EGP2892,Financial
EGP2893,Financial
EGP2894,Financial
EGP2895,Financial
EGP2896,Advertising
EGP2897,Advertising
EGP2898,Advertising
EGP2899,Financial
EGP2900,Financial
EGP2901,Advertising
EGP2902,Advertising
EGP2903,Financial
EGP2904,Financial
EGP2905,Advertising
EGP2906,Financial
EGP2907,Advertising
EGP2908,Advertising
EGP2909,Advertising
EGP2910,Advertising
EGP2911,Financial
EGP2912,Advertising
EGP2913,Advertising
EGP2914,Financial
EGP2915,Advertising
EGP2916,Advertising
EGP2917,Advertising
EGP2918,Financial
EGP2919,Advertising
EGP2920,Financial
EGP2921,Advertising
EGP2922,Financial
EGP2923,Financial
EGP2924,Advertising
EGP2925,Financial
EGP2926,Financial
EGP2927,Advertising
EGP2928,Advertising
EGP2929,Advertising
EGP2930,Financial
EGP2931,Advertising
EGP2932,Financial
EGP2933,Advertising
EGP2934,Financial
EGP2935,Financial
EGP2936,Financial
EGP2937,Financial
EGP2938,Advertising
EGP2939,Financial
EGP2940,Advertising
EGP2941,Financial
EGP2942,Advertising
EGP2943,Financial
EGP2944,Advertising
EGP2945,Financial
EGP2946,Advertising
EGP2947,Advertising
EGP2948,Financial
EGP2949,Advertising
EGP2950,Advertising
EGP2951,Advertising
EGP2952,Financial
EGP2953,Advertising
EGP2954,Advertising
EGP2955,Advertising
EGP2956,Financial
EGP2957,Advertising
EGP2958,Financial
EGP2959,Advertising
EGP2960,Advertising
EGP2961,Financial
EGP2962,Advertising
EGP2963,Advertising
EGP2964,Financial
EGP2965,Financial
EGP2966,Financial
EGP2967,Financial
EGP2968,Financial
EGP2969,Financial
EGP2970,Advertising
EGP2971,Advertising
EGP2972,Advertising
EGP2973,Advertising
EGP2974,Financial
EGP2975,Advertising
EGP2976,Financial
EGP2977,Advertising
EGP2978,Financial
EGP2979,Financial
EGP2980,Financial
EGP2981,Advertising
EGP2982,Financial
EGP2983,Advertising
EGP2984,Financial
EGP2985,Advertising
EGP2986,Financial
EGP2987,Advertising
EGP2988,Advertising
EGP2989,Financial
EGP2990,Financial
EGP2991,Advertising
EGP2992,Advertising
EGP2993,Financial
EGP2994,Financial
EGP2995,Financial
EGP2996,Financial
EGP2997,Financial
EGP2998,Financial
EGP2999,Advertising
EGP3000,Advertising
EGP3001,Advertising
EGP3002,Financial
EGP3003,Advertising
EGP3004,Financial
EGP3005,Financial
EGP3006,Financial
EGP3007,Financial
EGP3008,Advertising
EGP3009,Financial
EGP3010,Advertising
EGP3011,Financial
EGP3012,Financial
EGP3013,Advertising
EGP3014,Advertising
EGP3015,Financial
EGP3016,Financial
EGP3017,Financial
EGP3018,Advertising
EGP3019,Advertising
EGP3020,Advertising
EGP3021,Advertising
EGP3022,Financial
EGP3023,Financial
EGP3024,Advertising
EGP3025,Financial
EGP3026,Financial
EGP3027,Advertising
EGP3028,Financial
EGP3029,Financial
EGP3030,Advertising
EGP3031,Financial
EGP3032,Financial
EGP3033,Financial
EGP3034,Financial
EGP3035,Financial
EGP3036,Financial
EGP3037,Financial
EGP3038,Financial
EGP3039,Advertising
EGP3040,Financial
EGP3041,Financial
EGP3042,Advertising
EGP3043,Advertising
EGP3044,Financial
EGP3045,Financial
EGP3046,Financial
EGP3047,Advertising
EGP3048,Financial
EGP3049,Financial
EGP3050,Financial
EGP3051,Advertising
EGP3052,Advertising
EGP3053,Advertising
EGP3054,Advertising
EGP3055,Advertising
EGP3056,Financial
EGP3057,Financial
EGP3058,Advertising
EGP3059,Advertising
EGP3060,Advertising
EGP3061,Financial
EGP3062,Financial
EGP3063,Advertising
EGP3064,Advertising
EGP3065,Financial
EGP3066,Advertising
EGP3067,Financial
EGP3068,Advertising
EGP3069,Financial
EGP3070,Advertising
EGP3071,Advertising
EGP3072,Advertising
EGP3073,Financial
EGP3074,Advertising
EGP3075,Financial
EGP3076,Advertising
EGP3077,Advertising
EGP3078,Advertising
EGP3079,Financial
EGP3080,Financial
EGP3081,Financial
EGP3082,Advertising
EGP3083,Advertising
EGP3084,Advertising
EGP3085,Advertising
EGP3086,Financial
EGP3087,Financial
EGP3088,Advertising
EGP3089,Advertising
EGP3090,Advertising
EGP3091,Advertising
EGP3092,Financial
EGP3093,Financial
EGP3094,Financial
EGP3095,Advertising
EGP3096,Financial
EGP3097,Financial
EGP3098,Advertising
EGP3099,Financial
EGP3100,Financial
EGP3101,Advertising
EGP3102,Financial
EGP3103,Advertising
EGP3104,Financial
EGP3105,Advertising
EGP3106,Advertising
EGP3107,Financial
EGP3108,Financial
EGP3109,Advertising
EGP3110,Financial
EGP3111,Financial
EGP3112,Financial
EGP3113,Advertising
EGP3114,Financial
EGP3115,Financial
EGP3116,Financial
EGP3117,Financial
EGP3118,Financial
EGP3119,Advertising
EGP3120,Advertising
EGP3121,Advertising
EGP3122,Advertising
EGP3123,Financial
EGP3124,Financial
EGP3125,Advertising
EGP3126,Advertising
EGP3127,Advertising
EGP3128,Advertising
EGP3129,Financial
EGP3130,Advertising
EGP3131,Advertising
EGP3132,Advertising
EGP3133,Financial
EGP3134,Advertising
EGP3135,Advertising
EGP3136,Financial
EGP3137,Advertising
EGP3138,Financial
EGP3139,Advertising
EGP3140,Financial
EGP3141,Advertising
EGP3142,Financial
EGP3143,Financial
EGP3144,Advertising
EGP3145,Financial
EGP3146,Financial
EGP3147,Advertising
EGP3148,Financial
EGP3149,Advertising
EGP3150,Advertising
EGP3151,Financial
EGP3152,Financial
EGP3153,Advertising
EGP3154,Advertising
EGP3155,Financial
EGP3156,Financial
EGP3157,Financial
EGP3158,Advertising
EGP3159,Financial
EGP3160,Financial
EGP3161,Advertising
EGP3162,Advertising
EGP3163,Financial
EGP3164,Financial
EGP3165,Advertising
EGP3166,Advertising
EGP3167,Financial
EGP3168,Financial
EGP3169,Advertising
EGP3170,Advertising
EGP3171,Advertising
EGP3172,Advertising
EGP3173,Advertising
EGP3174,Advertising
EGP3175,Financial
EGP3176,Advertising
EGP3177,Advertising
EGP3178,Financial
EGP3179,Financial
EGP3180,Financial
EGP3181,Financial
EGP3182,Advertising
EGP3183,Advertising
EGP3184,Advertising
EGP3185,Advertising
EGP3186,Financial
EGP3187,Advertising
EGP3188,Financial
EGP3189,Financial
EGP3190,Financial
EGP3191,Advertising
EGP3192,Advertising
EGP3193,Advertising
EGP3194,Advertising
EGP3195,Financial
EGP3196,Advertising
EGP3197,Financial
EGP3198,Financial
EGP3199,Financial
EGP3200,Financial
EGP3201,Financial
EGP3202,Advertising
EGP3203,Financial
EGP3204,Advertising
EGP3205,Advertising
EGP3206,Financial
EGP3207,Advertising
EGP3208,Financial
EGP3209,Advertising
EGP3210,Advertising
EGP3211,Advertising
EGP3212,Financial
EGP3213,Financial
EGP3214,Advertising
EGP3215,Financial
EGP3216,Advertising
EGP3217,Financial
EGP3218,Financial
EGP3219,Advertising
EGP3220,Advertising
EGP3221,Advertising
EGP3222,Advertising
EGP3223,Advertising
EGP3224,Financial
EGP3225,Financial
EGP3226,Advertising
EGP3227,Financial
EGP3228,Financial
EGP3229,Financial
EGP3230,Advertising
EGP3231,Advertising
EGP3232,Financial
EGP3233,Advertising
EGP3234,Financial
EGP3235,Financial
EGP3236,Financial
EGP3237,Advertising
EGP3238,Advertising
EGP3239,Advertising
EGP3240,Advertising
EGP3241,Financial
EGP3242,Financial
EGP3243,Advertising
EGP3244,Advertising
EGP3245,Advertising
EGP3246,Advertising
EGP3247,Advertising
EGP3248,Advertising
EGP3249,Advertising
EGP3250,Advertising
EGP3251,Advertising
EGP3252,Advertising
EGP3253,Advertising
EGP3254,Advertising
EGP3255,Advertising
EGP3256,Financial
EGP3257,Financial
EGP3258,Advertising
EGP3259,Advertising
EGP3260,Advertising
EGP3261,Advertising
EGP3262,Financial
EGP3263,Advertising
EGP3264,Financial
EGP3265,Advertising
EGP3266,Financial
EGP3267,Advertising
EGP3268,Financial
EGP3269,Advertising
EGP3270,Advertising
EGP3271,Financial
EGP3272,Advertising
EGP3273,Financial
EGP3274,Financial
EGP3275,Financial
EGP3276,Financial
EGP3277,Advertising
EGP3278,Advertising
EGP3279,Advertising
EGP3280,Financial
EGP3281,Financial
EGP3282,Advertising
EGP3283,Advertising
EGP3284,Financial
EGP3285,Financial
EGP3286,Financial
EGP3287,Advertising
EGP3288,Financial
EGP3289,Financial
EGP3290,Financial
EGP3291,Advertising
EGP3292,Advertising
EGP3293,Financial
EGP3294,Financial
EGP3295,Advertising
EGP3296,Advertising
EGP3297,Financial
EGP3298,Financial
EGP3299,Advertising
EGP3300,Advertising
EGP3301,Financial
EGP3302,Advertising
EGP3303,Financial
EGP3304,Advertising
EGP3305,Advertising
EGP3306,Financial
EGP3307,Advertising
EGP3308,Advertising
EGP3309,Financial
EGP3310,Advertising
EGP3311,Advertising
EGP3312,Financial
EGP3313,Advertising
EGP3314,Financial
EGP3315,Advertising
EGP3316,Financial
EGP3317,Financial
EGP3318,Financial
EGP3319,Financial
EGP3320,Financial
EGP3321,Financial
EGP3322,Advertising
EGP3323,Financial
EGP3324,Advertising
EGP3325,Financial
EGP3326,Advertising
EGP3327,Financial
EGP3328,Financial
EGP3329,Advertising
EGP3330,Financial
EGP3331,Financial
EGP3332,Financial
EGP3333,Advertising
EGP3334,Financial
EGP3335,Advertising
EGP3336,Advertising
EGP3337,Advertising
EGP3338,Financial
EGP3339,Financial
EGP3340,Financial
EGP3341,Financial
EGP3342,Advertising
EGP3343,Advertising
EGP3344,Advertising
EGP3345,Advertising
EGP3346,Advertising
EGP3347,Financial
EGP3348,Advertising
EGP3349,Financial
EGP3350,Financial
EGP3351,Financial
EGP3352,Financial
EGP3353,Financial
EGP3354,Advertising
EGP3355,Advertising
EGP3356,Financial
EGP3357,Advertising
EGP3358,Advertising
EGP3359,Financial
EGP3360,Financial
EGP3361,Advertising
EGP3362,Financial
EGP3363,Advertising
EGP3364,Financial
EGP3365,Financial
EGP3366,Financial
EGP3367,Financial
EGP3368,Financial
EGP3369,Financial
EGP3370,Advertising
EGP3371,Financial
EGP3372,Financial
EGP3373,Advertising
EGP3374,Financial
EGP3375,Financial
EGP3376,Financial
EGP3377,Advertising
EGP3378,Financial
EGP3379,Advertising
EGP3380,Advertising
EGP3381,Advertising
EGP3382,Financial
EGP3383,Financial
EGP3384,Advertising
EGP3385,Financial
EGP3386,Advertising
EGP3387,Advertising
EGP3388,Advertising
EGP3389,Financial
EGP3390,Advertising
EGP3391,Financial
EGP3392,Advertising
EGP3393,Financial
EGP3394,Advertising
EGP3395,Financial
EGP3396,Financial
EGP3397,Advertising
EGP3398,Advertising
EGP3399,Financial
EGP3400,Financial
EGP3401,Advertising
EGP3402,Advertising
EGP3403,Advertising
EGP3404,Advertising
EGP3405,Advertising
EGP3406,Advertising
EGP3407,Advertising
EGP3408,Advertising
EGP3409,Financial
EGP3410,Advertising
EGP3411,Advertising
EGP3412,Advertising
EGP3413,Advertising
EGP3414,Financial
EGP3415,Advertising
EGP3416,Financial
EGP3417,Financial
EGP3418,Financial
EGP3419,Advertising
EGP3420,Financial
EGP3421,Advertising
EGP3422,Financial
EGP3423,Advertising
EGP3424,Advertising
EGP3425,Financial
EGP3426,Financial
EGP3427,Advertising
EGP3428,Advertising
EGP3429,Advertising
EGP3430,Advertising
EGP3431,Financial
EGP3432,Financial
EGP3433,Financial
EGP3434,Advertising
EGP3435,Financial
EGP3436,Advertising
EGP3437,Financial
EGP3438,Financial
EGP3439,Advertising
EGP3440,Financial
EGP3441,Financial
EGP3442,Financial
EGP3443,Advertising
EGP3444,Financial
EGP3445,Advertising
EGP3446,Financial
EGP3447,Advertising
EGP3448,Financial
EGP3449,Financial
EGP3450,Financial
EGP3451,Advertising
EGP3452,Financial
EGP3453,Advertising
EGP3454,Financial
EGP3455,Financial
EGP3456,Financial
EGP3457,Advertising
EGP3458,Advertising
EGP3459,Financial
EGP3460,Financial
EGP3461,Financial
EGP3462,Advertising
EGP3463,Financial
EGP3464,Financial
EGP3465,Financial
EGP3466,Advertising
EGP3467,Financial
EGP3468,Financial
EGP3469,Advertising
EGP3470,Financial
EGP3471,Financial
EGP3472,Financial
EGP3473,Advertising
EGP3474,Financial
EGP3475,Financial
EGP3476,Financial
EGP3477,Advertising
EGP3478,Advertising
EGP3479,Financial
EGP3480,Financial
EGP3481,Advertising
EGP3482,Financial
EGP3483,Advertising
EGP3484,Advertising
EGP3485,Financial
EGP3486,Financial
EGP3487,Advertising
EGP3488,Advertising
EGP3489,Financial
EGP3490,Advertising
EGP3491,Advertising
EGP3492,Advertising
EGP3493,Advertising
EGP3494,Advertising
EGP3495,Advertising
EGP3496,Advertising
EGP3497,Financial
EGP3498,Financial
EGP3499,Advertising
EGP3500,Advertising
EGP3501,Financial
EGP3502,Financial
EGP3503,Financial
EGP3504,Financial
EGP3505,Advertising
EGP3506,Financial
EGP3507,Financial
EGP3508,Advertising
EGP3509,Advertising
EGP3510,Advertising
EGP3511,Advertising
EGP3512,Financial
EGP3513,Financial
EGP3514,Financial
EGP3515,Advertising
EGP3516,Financial
EGP3517,Advertising
EGP3518,Financial
EGP3519,Advertising
EGP3520,Advertising
EGP3521,Financial
EGP3522,Financial
EGP3523,Financial
EGP3524,Advertising
EGP3525,Advertising
EGP3526,Financial
EGP3527,Financial
EGP3528,Advertising
EGP3529,Advertising
EGP3530,Financial
EGP3531,Financial
EGP3532,Financial
EGP3533,Financial
EGP3534,Financial
EGP3535,Financial
EGP3536,Advertising
EGP3537,Advertising
EGP3538,Advertising
EGP3539,Advertising
EGP3540,Advertising
EGP3541,Advertising
EGP3542,Financial
EGP3543,Financial
EGP3544,Financial
EGP3545,Advertising
EGP3546,Financial
EGP3547,Advertising
EGP3548,Financial
EGP3549,Financial
EGP3550,Advertising
EGP3551,Financial
EGP3552,Financial
EGP3553,Financial
EGP3554,Advertising
EGP3555,Advertising
EGP3556,Advertising
EGP3557,Financial
EGP3558,Financial
EGP3559,Advertising
EGP3560,Financial
EGP3561,Financial
EGP3562,Financial
EGP3563,Financial
EGP3564,Advertising
EGP3565,Advertising
EGP3566,Financial
EGP3567,Financial
EGP3568,Advertising
EGP3569,Advertising
EGP3570,Financial
EGP3571,Advertising
EGP3572,Financial
EGP3573,Advertising
EGP3574,Financial
EGP3575,Advertising
EGP3576,Financial
EGP3577,Advertising
EGP3578,Advertising
EGP3579,Financial
EGP3580,Financial
EGP3581,Advertising
EGP3582,Advertising
EGP3583,Financial
EGP3584,Advertising
EGP3585,Financial
EGP3586,Financial
EGP3587,Advertising
EGP3588,Advertising
EGP3589,Advertising
EGP3590,Advertising
EGP3591,Advertising
EGP3592,Financial
EGP3593,Financial
EGP3594,Advertising
EGP3595,Financial
EGP3596,Financial
EGP3597,Financial
EGP3598,Financial
EGP3599,Financial
EGP3600,Financial
EGP3601,Advertising
EGP3602,Financial
EGP3603,Financial
EGP3604,Financial
EGP3605,Financial
EGP3606,Advertising
EGP3607,Financial
EGP3608,Financial
EGP3609,Advertising
EGP3610,Advertising
EGP3611,Financial
EGP3612,Financial
EGP3613,Advertising
EGP3614,Advertising
EGP3615,Financial
EGP3616,Advertising
EGP3617,Financial
EGP3618,Advertising
EGP3619,Financial
EGP3620,Financial
EGP3621,Financial
EGP3622,Financial
EGP3623,Financial
EGP3624,Financial
EGP3625,Advertising
EGP3626,Advertising
EGP3627,Financial
EGP3628,Advertising
EGP3629,Financial
EGP3630,Financial
EGP3631,Advertising
EGP3632,Financial
EGP3633,Financial
EGP3634,Advertising
EGP3635,Advertising
EGP3636,Advertising
EGP3637,Advertising
EGP3638,Financial
EGP3639,Advertising
EGP3640,Advertising
EGP3641,Financial
EGP3642,Financial
EGP3643,Financial
EGP3644,Financial
EGP3645,Financial
EGP3646,Advertising
EGP3647,Advertising
EGP3648,Advertising
EGP3649,Advertising
EGP3650,Advertising
EGP3651,Advertising
EGP3652,Advertising
EGP3653,Financial
EGP3654,Advertising
EGP3655,Advertising
EGP3656,Financial
EGP3657,Financial
EGP3658,Financial
EGP3659,Advertising
EGP3660,Advertising
EGP3661,Advertising
EGP3662,Financial
EGP3663,Advertising
EGP3664,Advertising
EGP3665,Financial
EGP3666,Advertising
EGP3667,Advertising
EGP3668,Financial
EGP3669,Financial
EGP3670,Financial
EGP3671,Financial
EGP3672,Financial
EGP3673,Advertising
EGP3674,Advertising
EGP3675,Advertising
EGP3676,Advertising
EGP3677,Advertising
EGP3678,Financial
EGP3679,Advertising
EGP3680,Advertising
EGP3681,Advertising
EGP3682,Advertising
EGP3683,Financial
EGP3684,Advertising
EGP3685,Advertising
EGP3686,Financial
EGP3687,Advertising
EGP3688,Advertising
EGP3689,Financial
EGP3690,Financial
EGP3691,Advertising
EGP3692,Advertising
EGP3693,Advertising
EGP3694,Financial
EGP3695,Advertising
EGP3696,Financial
EGP3697,Financial
EGP3698,Advertising
EGP3699,Advertising
EGP3700,Financial
EGP3701,Advertising
EGP3702,Financial
EGP3703,Advertising
EGP3704,Advertising
EGP3705,Financial
EGP3706,Advertising
EGP3707,Advertising
EGP3708,Financial
EGP3709,Financial
EGP3710,Advertising
EGP3711,Financial
EGP3712,Financial
EGP3713,Advertising
EGP3714,Advertising
EGP3715,Advertising
EGP3716,Financial
EGP3717,Financial
EGP3718,Financial
EGP3719,Advertising
EGP3720,Financial
EGP3721,Financial
EGP3722,Financial
EGP3723,Financial
EGP3724,Advertising
EGP3725,Advertising
EGP3726,Advertising
EGP3727,Advertising
EGP3728,Advertising
EGP3729,Financial
EGP3730,Financial
EGP3731,Advertising
EGP3732,Financial
EGP3733,Advertising
EGP3734,Financial
EGP3735,Advertising
EGP3736,Advertising
EGP3737,Financial
EGP3738,Financial
EGP3739,Advertising
EGP3740,Advertising
EGP3741,Financial
EGP3742,Advertising
EGP3743,Financial
EGP3744,Advertising
EGP3745,Financial
EGP3746,Financial
EGP3747,Advertising
EGP3748,Advertising
EGP3749,Advertising
EGP3750,Financial
EGP3751,Financial
EGP3752,Financial
EGP3753,Advertising
EGP3754,Financial
EGP3755,Financial
EGP3756,Advertising
EGP3757,Financial
EGP3758,Advertising
EGP3759,Financial
EGP3760,Advertising
EGP3761,Advertising
EGP3762,Financial
EGP3763,Advertising
EGP3764,Financial
EGP3765,Advertising
EGP3766,Advertising
EGP3767,Advertising
EGP3768,Financial
EGP3769,Financial
EGP3770,Financial
EGP3771,Advertising
EGP3772,Financial
EGP3773,Advertising
EGP3774,Advertising
EGP3775,Financial
EGP3776,Financial
EGP3777,Financial
EGP3778,Advertising
EGP3779,Financial
EGP3780,Financial
EGP3781,Financial
EGP3782,Financial
EGP3783,Financial
EGP3784,Financial
EGP3785,Advertising
EGP3786,Financial
EGP3787,Financial
EGP3788,Financial
EGP3789,Financial
EGP3790,Advertising
EGP3791,Advertising
EGP3792,Advertising
EGP3793,Financial
EGP3794,Advertising
EGP3795,Advertising
EGP3796,Financial
EGP3797,Advertising
EGP3798,Financial
EGP3799,Advertising
EGP3800,Financial
EGP3801,Financial
EGP3802,Advertising
EGP3803,Advertising
EGP3804,Advertising
EGP3805,Financial
EGP3806,Advertising
EGP3807,Advertising
EGP3808,Advertising
EGP3809,Financial
EGP3810,Advertising
EGP3811,Financial
EGP3812,Financial
EGP3813,Financial
EGP3814,Advertising
EGP3815,Financial
EGP3816,Advertising
EGP3817,Financial
EGP3818,Advertising
EGP3819,Advertising
EGP3820,Advertising
EGP3821,Advertising
EGP3822,Financial
EGP3823,Advertising
EGP3824,Advertising
EGP3825,Financial
EGP3826,Advertising
EGP3827,Advertising
EGP3828,Advertising
EGP3829,Advertising
EGP3830,Financial
EGP3831,Advertising
EGP3832,Financial
EGP3833,Advertising
EGP3834,Advertising
EGP3835,Advertising
EGP3836,Advertising
EGP3837,Financial
EGP3838,Financial
EGP3839,Financial
EGP3840,Advertising
EGP3841,Advertising
EGP3842,Financial
EGP3843,Financial
EGP3844,Advertising
EGP3845,Financial
EGP3846,Advertising
EGP3847,Advertising
EGP3848,Advertising
EGP3849,Advertising
EGP3850,Advertising
EGP3851,Advertising
EGP3852,Financial
EGP3853,Advertising
EGP3854,Financial
EGP3855,Advertising
EGP3856,Advertising
EGP3857,Advertising
EGP3858,Advertising
EGP3859,Advertising
EGP3860,Financial
EGP3861,Advertising
EGP3862,Advertising
EGP3863,Financial
EGP3864,Financial
EGP3865,Advertising
EGP3866,Financial
EGP3867,Advertising
EGP3868,Advertising
EGP3869,Advertising
EGP3870,Financial
EGP3871,Advertising
EGP3872,Financial
EGP3873,Advertising
EGP3874,Advertising
EGP3875,Advertising
EGP3876,Financial
EGP3877,Advertising
EGP3878,Financial
EGP3879,Financial
EGP3880,Financial
EGP3881,Financial
EGP3882,Advertising
EGP3883,Financial
EGP3884,Financial
EGP3885,Financial
EGP3886,Financial
EGP3887,Advertising
EGP3888,Advertising
EGP3889,Financial
EGP3890,Financial
EGP3891,Financial
EGP3892,Advertising
EGP3893,Financial
EGP3894,Advertising
EGP3895,Advertising
EGP3896,Financial
EGP3897,Advertising
EGP3898,Financial
EGP3899,Financial
EGP3900,Advertising
EGP3901,Financial
EGP3902,Advertising
EGP3903,Advertising
EGP3904,Advertising
EGP3905,Advertising
EGP3906,Financial
EGP3907,Financial
EGP3908,Financial
EGP3909,Advertising
EGP3910,Financial
EGP3911,Financial
EGP3912,Advertising
EGP3913,Financial
EGP3914,Financial
EGP3915,Financial
EGP3916,Financial
EGP3917,Financial
EGP3918,Financial
EGP3919,Advertising
EGP3920,Financial
EGP3921,Advertising
EGP3922,Financial
EGP3923,Advertising
EGP3924,Financial
EGP3925,Financial
EGP3926,Advertising
EGP3927,Advertising
EGP3928,Financial
EGP3929,Advertising
EGP3930,Advertising
EGP3931,Financial
EGP3932,Financial
EGP3933,Financial
EGP3934,Advertising
EGP3935,Financial
EGP3936,Financial
EGP3937,Financial
EGP3938,Advertising
EGP3939,Advertising
EGP3940,Advertising
EGP3941,Advertising
EGP3942,Financial
EGP3943,Advertising
EGP3944,Advertising
EGP3945,Advertising
EGP3946,Financial
EGP3947,Advertising
EGP3948,Advertising
EGP3949,Financial
EGP3950,Financial
EGP3951,Advertising
EGP3952,Financial
EGP3953,Advertising
EGP3954,Advertising
EGP3955,Advertising
EGP3956,Advertising
EGP3957,Advertising
EGP3958,Financial
EGP3959,Advertising
EGP3960,Financial
EGP3961,Financial
EGP3962,Advertising
EGP3963,Financial
EGP3964,Financial
EGP3965,Advertising
EGP3966,Financial
EGP3967,Advertising
EGP3968,Financial
EGP3969,Financial
EGP3970,Financial
EGP3971,Advertising
EGP3972,Advertising
EGP3973,Financial
EGP3974,Financial
EGP3975,Financial
EGP3976,Financial
EGP3977,Advertising
EGP3978,Advertising
EGP3979,Financial
EGP3980,Financial
EGP3981,Financial
EGP3982,Financial
EGP3983,Financial
EGP3984,Advertising
EGP3985,Advertising
EGP3986,Financial
EGP3987,Advertising
EGP3988,Advertising
EGP3989,Financial
EGP3990,Financial
EGP3991,Advertising
EGP3992,Financial
EGP3993,Advertising
EGP3994,Advertising
EGP3995,Financial
EGP3996,Financial
EGP3997,Financial
EGP3998,Advertising
EGP3999,Advertising
EGP4000,Advertising
EGP4001,Financial
EGP4002,Advertising
EGP4003,Financial
EGP4004,Advertising
EGP4005,Advertising
EGP4006,Advertising
EGP4007,Financial
EGP4008,Financial
EGP4009,Advertising
EGP4010,Financial
EGP4011,Advertising
EGP4012,Financial
EGP4013,Financial
EGP4014,Financial
EGP4015,Advertising
EGP4016,Advertising
EGP4017,Advertising
EGP4018,Financial
EGP4019,Advertising
EGP4020,Advertising
EGP4021,Advertising
EGP4022,Advertising
EGP4023,Advertising
EGP4024,Advertising
EGP4025,Advertising
EGP4026,Advertising
EGP4027,Financial
EGP4028,Financial
EGP4029,Financial
EGP4030,Financial
EGP4031,Financial
EGP4032,Financial
EGP4033,Advertising
EGP4034,Financial
EGP4035,Advertising
EGP4036,Advertising
EGP4037,Financial
EGP4038,Advertising
EGP4039,Advertising
EGP4040,Financial
EGP4041,Advertising
EGP4042,Financial
EGP4043,Advertising
EGP4044,Financial
EGP4045,Advertising
EGP4046,Financial
EGP4047,Financial
EGP4048,Advertising
EGP4049,Financial
EGP4050,Financial
EGP4051,Advertising
EGP4052,Financial
EGP4053,Financial
EGP4054,Advertising
EGP4055,Financial
EGP4056,Financial
EGP4057,Financial
EGP4058,Financial
EGP4059,Financial
EGP4060,Advertising
EGP4061,Financial
EGP4062,Financial
EGP4063,Financial
EGP4064,Advertising
EGP4065,Advertising
EGP4066,Financial
EGP4067,Financial
EGP4068,Advertising
EGP4069,Advertising
EGP4070,Financial
EGP4071,Advertising
EGP4072,Advertising
EGP4073,Financial
EGP4074,Advertising
EGP4075,Financial
EGP4076,Advertising
EGP4077,Financial
EGP4078,Advertising
EGP4079,Advertising
EGP4080,Advertising
EGP4081,Financial
EGP4082,Financial
EGP4083,Advertising
EGP4084,Advertising
EGP4085,Advertising
EGP4086,Advertising
EGP4087,Advertising
EGP4088,Financial
EGP4089,Advertising
EGP4090,Advertising
EGP4091,Financial
EGP4092,Financial
EGP4093,Financial
EGP4094,Financial
EGP4095,Financial
EGP4096,Advertising
EGP4097,Advertising
EGP4098,Financial
EGP4099,Financial
EGP4100,Financial
EGP4101,Financial
EGP4102,Financial
EGP4103,Financial
EGP4104,Financial
EGP4105,Financial
EGP4106,Advertising
EGP4107,Financial
EGP4108,Advertising
EGP4109,Financial
EGP4110,Financial
EGP4111,Financial
EGP4112,Advertising
EGP4113,Financial
EGP4114,Financial
EGP4115,Advertising
EGP4116,Advertising
EGP4117,Advertising
EGP4118,Financial
EGP4119,Financial
EGP4120,Advertising
EGP4121,Financial
EGP4122,Financial
EGP4123,Financial
EGP4124,Advertising
EGP4125,Advertising
EGP4126,Financial
EGP4127,Advertising
EGP4128,Advertising
EGP4129,Financial
EGP4130,Financial
EGP4131,Advertising
EGP4132,Advertising
EGP4133,Financial
EGP4134,Advertising
EGP4135,Financial
EGP4136,Advertising
EGP4137,Financial
EGP4138,Financial
EGP4139,Financial
EGP4140,Advertising
EGP4141,Advertising
EGP4142,Advertising
EGP4143,Advertising
EGP4144,Advertising
EGP4145,Financial
EGP4146,Advertising
EGP4147,Advertising
EGP4148,Advertising
EGP4149,Advertising
EGP4150,Advertising
EGP4151,Advertising
EGP4152,Advertising
EGP4153,Advertising
EGP4154,Advertising
EGP4155,Financial
EGP4156,Financial
EGP4157,Advertising
EGP4158,Advertising
EGP4159,Financial
EGP4160,Financial
EGP4161,Advertising
EGP4162,Advertising
EGP4163,Financial
EGP4164,Financial
EGP4165,Financial
EGP4166,Financial
EGP4167,Financial
EGP4168,Advertising
EGP4169,Advertising
EGP4170,Advertising
EGP4171,Financial
EGP4172,Financial
EGP4173,Financial
EGP4174,Financial
EGP4175,Financial
EGP4176,Financial
EGP4177,Advertising
EGP4178,Financial
EGP4179,Advertising
EGP4180,Advertising
EGP4181,Advertising
EGP4182,Financial
EGP4183,Advertising
EGP4184,Financial
EGP4185,Advertising
EGP4186,Financial
EGP4187,Financial
EGP4188,Financial
EGP4189,Advertising
EGP4190,Financial
EGP4191,Financial
EGP4192,Financial
EGP4193,Financial
EGP4194,Advertising
EGP4195,Advertising
EGP4196,Advertising
EGP4197,Financial
EGP4198,Financial
EGP4199,Financial
EGP4200,Financial
EGP4201,Advertising
EGP4202,Advertising
EGP4203,Advertising
EGP4204,Advertising
EGP4205,Advertising
EGP4206,Advertising
EGP4207,Financial
EGP4208,Advertising
EGP4209,Advertising
EGP4210,Advertising
EGP4211,Financial
